{"cameraMode":{"drawMode":0,"name":"Shaded","section":"Shading Mode"},"sceneLighting":true,"audioPlay":false,"sceneViewState":{"m_AlwaysRefresh":false,"showFog":true,"showSkybox":true,"showFlares":true,"showImageEffects":true,"showParticleSystems":true,"showVisualEffectGraphs":true,"m_FxEnabled":true},"in2DMode":false,"pivot":{"x":352.9749450683594,"y":-125.53968811035156,"z":-1011.14208984375},"rotation":{"x":-0.09704993665218353,"y":0.07755116373300553,"z":0.007585165090858936,"w":0.9922271966934204},"size":1234.6217041015625,"orthographic":true}